Postal code,Town,City/Town/Subdivision,Subdivision of
2000,Antwerp,City,
2018,Antwerp,City,
2020,Antwerp,City,
2030,Antwerp,City,
2040,Zandvliet,Subdivision,2000 Antwerp
2040,Berendrecht,Subdivision,2000 Antwerp
2040,Antwerp,City,
2040,Lillo,Subdivision,2000 Antwerp
2050,Antwerp,City,
2060,Antwerp,City,
2070,Burcht,Subdivision,2070 Zwijndrecht
2070,Zwijndrecht,Town,
2100,Deurne,Subdivision,2000 Antwerp
2110,Wijnegem,Town,
2140,Borgerhout,Subdivision,2000 Antwerp
2150,Borsbeek,Subdivision,2000 Antwerp
2160,Wommelgem,Town,
2170,Merksem,Subdivision,2000 Antwerp
2180,Ekeren,Subdivision,2000 Antwerp
2200,Morkhoven,Subdivision,2200 Herentals
2200,Herentals,City,
2200,Noorderwijk,Subdivision,2200 Herentals
2220,Heist-op-den-Berg,Town,
2220,Hallaar,Subdivision,2220 Heist-op-den-Berg
2221,Booischot,Subdivision,2220 Heist-op-den-Berg
2222,Itegem,Subdivision,2220 Heist-op-den-Berg
2222,Wiekevorst,Subdivision,2220 Heist-op-den-Berg
2223,Schriek,Subdivision,2220 Heist-op-den-Berg
2230,Ramsel,Subdivision,2230 Herselt
2230,Herselt,Town,
2235,Houtvenne,Subdivision,2235 Hulshout
2235,Hulshout,Town,
2235,Westmeerbeek,Subdivision,8650 Houthulst
2240,Viersel,Subdivision,2240 Zandhoven
2240,Zandhoven,Town,
2240,Massenhoven,Subdivision,2240 Zandhoven
2242,Pulderbos,Subdivision,2240 Zandhoven
2243,Pulle,Subdivision,2240 Zandhoven
2250,Olen,Town,
2260,Zoerle-Parwijs,Subdivision,2260 Westerlo
2260,Westerlo,Town,
2260,Oevel,Town,2260 Westerlo
2260,Tongerlo,Subdivision,2260 Westerlo
2270,Herenthout,Town,
2275,Wechelderzande,Subdivision,2275 Lille
2275,Poederlee,Subdivision,2275 Lille
2275,Gierle,Subdivision,2275 Lille
2275,Lille,Town,
2280,Grobbendonk,Town,
2288,Bouwel,Subdivision,2280 Grobbendonk
2290,Vorselaar,Town,
2300,Turnhout,City,
2310,Rijkevorsel,Town,
2320,Hoogstraten,City,
2321,Meer,Subdivision,2320 Hoogstraten
2322,Minderhout,Subdivision,2320 Hoogstraten
2323,Wortel,Subdivision,2320 Hoogstraten
2328,Meerle,Subdivision,2320 Hoogstraten
2330,Merksplas,Town,
2340,Beerse,Town,
2340,Vlimmeren,Subdivision,2340 Beerse
2350,Vosselaar,Town,
2360,Oud-Turnhout,Town,
2370,Arendonk,Town,
2380,Ravels,Town,
2381,Weelde,Subdivision,2380 Ravels
2382,Poppel,Subdivision,2380 Ravels
2387,Baarle-Hertog,Town,
2390,Oostmalle,Subdivision,2390 Malle
2390,Malle,Town,
2390,Westmalle,Subdivision,2390 Malle
2400,Mol,Town,
2430,Eindhout,Subdivision,2430 Laakdal
2430,Laakdal,Town,
2430,Vorst,Subdivision,2430 Laakdal
2431,Varendonk,Subdivision,2430 Laakdal
2431,Veerle,Subdivision,2430 Laakdal
2440,Geel,City,
2450,Meerhout,Town,
2460,Lichtaart,Subdivision,2460 Kasterlee
2460,Kasterlee,Town,
2460,Tielen,Subdivision,2460 Kasterlee
2470,Retie,Town,
2480,Dessel,Town,
2490,Balen,Town,
2491,Olmen,Subdivision,2490 Balen
2500,Lier,City,
2500,Koningshooikt,Subdivision,2500 Lier
2520,Ranst,Town,
2520,Emblem,Subdivision,2520 Ranst
2520,Broechem,Subdivision,2520 Ranst
2520,Oelegem,Subdivision,2520 Ranst
2530,Boechout,Town,
2531,Vremde,Subdivision,2530 Boechout
2540,Hove,Town,
2547,Lint,Town,
2550,Kontich,Town,
2550,Waarloos,Subdivision,2550 Kontich
2560,Bevel,Subdivision,2560 Nijlen
2560,Nijlen,Town,
2560,Kessel,Subdivision,2560 Nijlen
2570,Duffel,Town,
2580,Putte,Town,
2580,Beerzel,Subdivision,2580 Putte
2590,Berlaar,Town,
2590,Gestel,Subdivision,2590 Berlaar
2600,Berchem,Subdivision,2000 Antwerp
2610,Wilrijk,Subdivision,2000 Antwerp
2620,Hemiksem,Town,
2627,Schelle,Town,
2630,Aartselaar,Town,
2640,Mortsel,Town,
2650,Edegem,Town,
2660,Hoboken,Subdivision,2000 Antwerp
2800,Mechelen,City,
2800,Walem,Subdivision,2800 Mechelen
2801,Heffen,Subdivision,2800 Mechelen
2811,Leest,Subdivision,2800 Mechelen
2811,Hombeek,Subdivision,2800 Mechelen
2812,Muizen,Subdivision,2800 Mechelen
2820,Bonheiden,Town,
2820,Rijmenam,Subdivision,2820 Bonheiden
2830,Heindonk,Subdivision,2830 Willebroek
2830,Blaasveld,Subdivision,2830 Willebroek
2830,Willebroek,Town,
2830,Tisselt,Subdivision,2830 Willebroek
2840,Reet,Subdivision,2840 Rumst
2840,Terhagen,Subdivision,2840 Rumst
2840,Rumst,Town,
2845,Niel,Town,
2850,Boom,Town,
2860,Sint-Katelijne-Waver,Town,
2861,Onze-Lieve-Vrouw-Waver,Subdivision,2860 Sint-Katelijne-Waver
2870,Breendonk,Subdivision,2870 Puurs
2870,Liezele,Subdivision,2870 Puurs
2870,Ruisbroek,Subdivision,2870 Puurs
2870,Puurs,Town,
2880,Hingene,Subdivision,2880 Bornem
2880,Bornem,Town,
2880,Weert,Subdivision,2880 Bornem
2880,Mariekerke,Subdivision,2880 Bornem
2890,Sint-Amands,Town,
2890,Oppuurs,Subdivision,2890 Sint-Amands
2890,Lippelo,Subdivision,2890 Sint-Amands
2900,Schoten,Town,
2910,Essen,Town,
2920,Kalmthout,Town,
2930,Brasschaat,Town,
2940,Stabroek,Town,
2940,Hoevenen,Subdivision,2940 Stabroek
2950,Kapellen,Town,
2960,Sint-Job-in-'t-Goor,Subdivision,2960 Brecht
2960,Sint-Lenaarts,Subdivision,2960 Brecht
2960,Brecht,Town,
2970,s Gravenwezel,Subdivision,2970 Schilde
2970,Schilde,Town,
2980,Halle,Subdivision,2980 Zoersel
2980,Zoersel,Town,
2990,Loenhout,Subdivision,2990 Wuustwezel
2990,Wuustwezel,Town,
6000,Charleroi,,
6001,Marcinelle,,
6010,Couillet,,
6020,Dampremy,,
6030,Marchienne-au-pont,,
6030,Goutroux,,
6031,Monceau-sur-sambre,,
6032,Mont-sur-marchienne,,
6040,Jumet,,
6041,Gosselies,,
6042,Lodelinsart,,
6043,Ransart,,
6044,Roux,,
6060,Gilly,,
6061,Montignies-sur-sambre,,
6110,Montigny-le-tilleul,,
6111,Landelies,,
6120,Marbaix,,
6120,Ham-sur-heure,,
6120,Nalinnes,,
6120,Jamioulx,,
6120,Cour-sur-heure,,
6140,Fontaine-l'evêque,,
6141,Forchies-la-marche,,
6142,Leernes,,
6150,Anderlues,,
6180,Courcelles,,
6181,Gouy-lez-piéton,,
6182,Souvret,,
6183,Trazegnies,,
6200,Bouffioulx,,
6200,Châtelet,,
6200,Châtelineau,,
6210,Wayaux,,
6210,Villers-perwin,,
6210,Rèves,,
6210,Frasnes-lez-gosselies,,
6210,Les bons villers,,
6211,Mellet,,
6220,Lambusart,,
6220,Wangenies,,
6220,Heppignies,,
6220,Fleurus,,
6221,Saint-amand,,
6222,Brye,,
6223,Wagnelée,,
6224,Wanfercée-baulet,,
6230,Obaix,,
6230,Pont-à-celles,,
6230,Thiméon,,
6230,Viesville,,
6230,Buzet,,
6238,Luttre,,
6238,Liberchies,,
6240,Pironchamps,,
6240,Farciennes,,
6250,Aiseau-presles,,
6250,Pont-de-loup,,
6250,Roselies,,
6250,Presles,,
6250,Aiseau,,
6280,Loverval,,
6280,Villers-poterie,,
6280,Gerpinnes,,
6280,Joncret,,
6280,Gougnies,,
6280,Acoz,,
6440,Froidchapelle,,
6440,Vergnies,,
6440,Boussu-lez-walcourt,,
6440,Fourbechies,,
6441,Erpion,,
6460,Bailièvre,,
6460,Villers-la-tour,,
6460,Chimay,,
6460,Salles,,
6460,Robechies,,
6460,Saint-remy,,
6461,Virelles,,
6462,Vaulx-lez-chimay,,
6463,Lompret,,
6464,Bourlers,,
6464,L'escaillère,,
6464,Forges,,
6464,Rièzes,,
6464,Baileux,,
6470,Sivry,,
6470,Sivry-rance,,
6470,Grandrieu,,
6470,Sautin,,
6470,Rance,,
6470,Montbliart,,
6500,Beaumont,,
6500,Renlies,,
6500,Barbençon,,
6500,Leugnies,,
6500,Solre-saint-géry,,
6500,Leval-chaudeville,,
6500,Thirimont,,
6511,Strée,,
6530,Thuin,,
6530,Leers-et-fosteau,,
6531,Biesme-sous-thuin,,
6532,Ragnies,,
6533,Biercée,,
6534,Gozée,,
6536,Thuillies,,
6536,Donstiennes,,
6540,Mont-sainte-geneviève,,
6540,Lobbes,,
6542,Sars-la-buissière,,
6543,Bienne-lez-happart,,
6560,Grand-reng,,
6560,Montignies-saint-christophe,,
6560,Hantes-wihéries,,
6560,Solre-sur-sambre,,
6560,Bersillies-l'abbaye,,
6560,Erquelinnes,,
6567,Merbes-le-château,,
6567,Merbes-sainte-marie,,
6567,Labuissière,,
6567,Fontaine-valmont,,
6590,Momignies,,
6591,Macon,,
6592,Monceau-imbrechies,,
6593,Macquenoise,,
6594,Beauwelz,,
6596,Forge-philippe,,
6596,Seloignes,,
7000,Mons,,
7011,Ghlin,,
7012,Jemappes,,
7012,Flénu,,
7020,Nimy,,
7020,Maisières,,
7021,Havre,,
7022,Hyon,,
7022,Harmignies,,
7022,Harveng,,
7022,Mesvin,,
7022,Nouvelles,,
7024,Ciply,,
7030,Saint-symphorien,,
7031,Villers-saint-ghislain,,
7032,Spiennes,,
7033,Cuesmes,,
7034,Obourg,,
7034,Saint-denis,,
7040,Bougnies,,
7040,Quévy,,
7040,Asquillies,,
7040,Quévy-le-grand,,
7040,Blaregnies,,
7040,Quévy-le-petit,,
7040,Goegnies-chaussée,,
7040,Genly,,
7040,Aulnois,,
7041,Givry,,
7041,Havay,,
7050,Herchies,,
7050,Erbaut,,
7050,Erbisoeul,,
7050,Masnuy-saint-jean,,
7050,Masnuy-saint-pierre,,
7050,Jurbise,,
7060,Soignies,,
7060,Horrues,,
7061,Casteau,,
7061,Thieusies,,
7062,Naast,,
7063,Chaussée-notre-dame-louvignies,,
7063,Neufvilles,,
7070,Thieu,,
7070,Le roeulx,,
7070,Gottignies,,
7070,Ville-sur-haine,,
7070,Mignault,,
7080,La bouverie,,
7080,Sars-la-bruyère,,
7080,Frameries,,
7080,Eugies,,
7080,Noirchain,,
7090,Petit-Roeulx-lez-Braine,Deelgemeente,7090 's-Gravenbrakel
7090,Ronquières,Deelgemeente,7090 's-Gravenbrakel
7090,s-Gravenbrakel,Stad,
7090,Steenkerque,Deelgemeente,7090 's-Gravenbrakel
7090,Hennuyères,Deelgemeente,7090 's-Gravenbrakel
7090,Henripont,Deelgemeente,7090 's-Gravenbrakel
7100,Haine-saint-pierre,,
7100,Saint-vaast,,
7100,La louvière,,
7100,Trivières,,
7100,Haine-saint-paul,,
7110,Maurage,,
7110,Boussoit,,
7110,Houdeng-aimeries,,
7110,Houdeng-goegnies,,
7110,Strépy-bracquegnies,,
7120,Fauroeulx,,
7120,Vellereille-le-sec,,
7120,Peissant,,
7120,Vellereille-les-brayeux,,
7120,Estinnes,,
7120,Estinnes-au-mont,,
7120,Haulchin,,
7120,Estinnes-au-val,,
7120,Rouveroy,,
7120,Croix-lez-rouveroy,,
7130,Battignies,,
7130,Bray,,
7130,Binche,,
7131,Waudrez,,
7133,Buvrinnes,,
7134,Ressaix,,
7134,Epinois,,
7134,Péronnes-lez-binche,,
7134,Leval-trahegnies,,
7140,Morlanwelz,,
7140,Morlanwelz-mariemont,,
7141,Carnières,,
7141,Mont-sainte-aldegonde,,
7160,Godarville,,
7160,Chapelle-lez-herlaimont,,
7160,Piéton,,
7170,Bellecourt,,
7170,Fayt-lez-manage,,
7170,La hestre,,
7170,Bois-d'haine,,
7170,Manage,,
7180,Seneffe,,
7181,Familleureux,,
7181,Arquennes,,
7181,Feluy,,
7181,Petit-roeulx-lez-nivelles,,
7190,Marche-lez-ecaussinnes,,
7190,Ecaussinnes,,
7190,Ecaussinnes-d'enghien,,
7191,Ecaussinnes-lalaing,,
7300,Boussu,,
7301,Hornu,,
7320,Bernissart,,
7321,Blaton,,
7321,Harchies,,
7322,Pommeroeul,,
7322,Ville-pommeroeul,,
7330,Saint-ghislain,,
7331,Baudour,,
7332,Neufmaison,,
7332,Sirault,,
7333,Tertre,,
7334,Hautrage,,
7334,Villerot,,
7340,Paturages,,
7340,Colfontaine,,
7340,Warquignies,,
7340,Wasmes,,
7350,Hainin,,
7350,Hensies,,
7350,Thulin,,
7350,Montroeul-sur-haine,,
7370,Elouges,,
7370,Wihéries,,
7370,Blaugies,,
7370,Dour,,
7380,Baisieux,,
7380,Quiévrain,,
7382,Audregnies,,
7387,Erquennes,,
7387,Honnelles,,
7387,Montignies-sur-roc,,
7387,Angre,,
7387,Fayt-le-franc,,
7387,Athis,,
7387,Marchipont,,
7387,Angreau,,
7387,Roisin,,
7387,Onnezies,,
7387,Autreppe,,
7390,Wasmuel,,
7390,Quaregnon,,
7500,Tournai,,
7500,Ere,,
7500,Saint-maur,,
7501,Orcq,,
7502,Esplechin,,
7503,Froyennes,,
7504,Froidmont,,
7506,Willemeau,,
7520,Templeuve,,
7520,Ramegnies-chin,,
7521,Chercq,,
7522,Blandain,,
7522,Marquain,,
7522,Hertain,,
7522,Lamain,,
7530,Gaurain-ramecroix,,
7531,Havinnes,,
7532,Beclers,,
7533,Thimougies,,
7534,Maulde,,
7534,Barry,,
7536,Vaulx,,
7538,Vezon,,
7540,Melles,,
7540,Rumillies,,
7540,Kain,,
7540,Quartes,,
7542,Mont-saint-aubert,,
7543,Mourcourt,,
7548,Warchin,,
7600,Péruwelz,,
7601,Roucourt,,
7602,Bury,,
7603,Bon-secours,,
7604,Braffe,,
7604,Wasmes-audemez-briffoeil,,
7604,Brasmenil,,
7604,Callenelle,,
7604,Baugnies,,
7608,Wiers,,
7610,Rumes,,
7611,La glanerie,,
7618,Taintignies,,
7620,Brunehaut,,
7620,Hollain,,
7620,Wez-velvain,,
7620,Bléharies,,
7620,Jollain-merlin,,
7620,Guignies,,
7621,Lesdain,,
7622,Laplaigne,,
7623,Rongy,,
7624,Howardries,,
7640,Péronnes-lez-antoing,,
7640,Antoing,,
7640,Maubray,,
7641,Bruyelle,,
7642,Calonne,,
7643,Fontenoy,,
7700,Luingne,,
7700,Moeskroen,,
7711,Dottenijs,,
7712,Herseaux,,
7730,Bailleul,,
7730,Estaimbourg,,
7730,Néchin,,
7730,Estaimpuis,,
7730,Leers-nord,,
7730,Saint-léger,,
7730,Evregnies,,
7740,Pecq,,
7740,Warcoing,,
7742,Hérinnes-lez-pecq,,
7743,Obigies,,
7743,Esquelmes,,
7750,Amougies,,
7750,Russeignies,,
7750,Anseroeul,,
7750,Mont-de-l'enclus,,
7750,Orroir,,
7760,Molenbaix,,
7760,Escanaffles,,
7760,Velaines,,
7760,Celles,,
7760,Popuelles,,
7760,Pottes,,
7780,Komen,,
7780,Komen-waasten,,
7781,Houthem,,
7782,Ploegsteert,,
7783,Bizet,,
7784,Neerwaasten,,
7784,Waasten,,
7800,Ath,,
7800,Lanquesaint,,
7801,Irchonwelz,,
7802,Ormeignies,,
7803,Bouvignies,,
7804,Ostiches,,
7804,Rebaix,,
7810,Maffle,,
7811,Arbre,,
7812,Villers-notre-dame,,
7812,Villers-saint-amand,,
7812,Houtaing,,
7812,Ligne,,
7812,Mainvault,,
7812,Moulbaix,,
7822,Isières,,
7822,Meslin-l'evêque,,
7822,Ghislenghien,,
7823,Gibecq,,
7830,Hellebecq,,
7830,Fouleng,,
7830,Gondregnies,,
7830,Graty,,
7830,Bassilly,,
7830,Hoves,,
7830,Silly,,
7830,Thoricourt,,
7850,Lettelingen,,
7850,Mark,,
7850,Edingen,,
7860,Lessines,,
7861,Papignies,,
7861,Wannebecq,,
7862,Ogy,,
7863,Ghoy,,
7864,Deux-acren,,
7866,Ollignies,,
7866,Bois-de-lessines,,
7870,Lombise,,
7870,Cambron-saint-vincent,,
7870,Montignies-lez-lens,,
7870,Lens,,
7870,Bauffe,,
7880,Vloesberg,,
7890,Ellezelles,,
7890,Wodecq,,
7890,Lahamaide,,
7900,Grandmetz,,
7900,Leuze-en-hainaut,,
7901,Thieulain,,
7903,Chapelle-à-oie,,
7903,Chapelle-à-wattines,,
7903,Blicquy,,
7904,Willaupuis,,
7904,Tourpes,,
7904,Pipaix,,
7906,Gallaix,,
7910,Ellignies-lez-frasnes,,
7910,Forest,,
7910,Cordes,,
7910,Anvaing,,
7910,Frasnes-lez-anvaing,,
7910,Arc-ainières,,
7910,Wattripont,,
7910,Arc-wattripont,,
7911,Moustier,,
7911,Buissenal,,
7911,Oeudeghien,,
7911,Montroeul-au-bois,,
7911,Herquegies,,
7911,Frasnes-lez-buissenal,,
7911,Hacquegnies,,
7912,Saint-sauveur,,
7912,Dergneau,,
7940,Brugelette,,
7940,Cambron-casteau,,
7941,Attre,,
7942,Mévergnies-lez-lens,,
7943,Gages,,
7950,Huissignies,,
7950,Chièvres,,
7950,Tongre-saint-martin,,
7950,Grosage,,
7950,Ladeuze,,
7951,Tongre-notre-dame,,
7970,Beloeil,,
7971,Thumaide,,
7971,Basècles,,
7971,Ramegnies,,
7971,Wadelincourt,,
7972,Quevaucamps,,
7972,Ellignies-saint-anne,,
7972,Aubechies,,
7973,Grandglise,,
7973,Stambruges,,
3500,Hasselt,Stad,
3500,Sint-lambrechts-herk,Deelgemeente,3500 Hasselt
3501,Wimmertingen,Deelgemeente,3500 Hasselt
3510,Spalbeek,Deelgemeente,3500 Hasselt
3510,Kermt,Deelgemeente,3500 Hasselt
3511,Kuringen,Deelgemeente,3500 Hasselt
3511,Stokrooie,Deelgemeente,3500 Hasselt
3512,Stevoort,Deelgemeente,3500 Hasselt
3520,Zonhoven,Gemeente,
3530,Houthalen,Deelgemeente,3530 Houthalen-Helchteren
3530,Houthalen-Helchteren,Gemeente,
3530,Helchteren,Deelgemeente,3530 Houthalen-Helchteren
3540,Berbroek,Deelgemeente,3540 Herk-de-Stad
3540,Herk-de-Stad,Stad,
3540,Donk,Deelgemeente,3540 Herk-de-Stad
3540,Schulen,Deelgemeente,3540 Herk-de-Stad
3545,Loksbergen,Deelgemeente,3545 Halen
3545,Zelem,Deelgemeente,3545 Halen
3545,Halen,Stad,
3550,Heusden,Deelgemeente,3550 Heusden-Zolder
3550,Heusden-Zolder,Gemeente,
3550,Zolder,Deelgemeente,3550 Heusden-Zolder
3560,Meldert,Deelgemeente,3560 Lummen
3560,Lummen,Gemeente,
3560,Linkhout,Deelgemeente,3560 Lummen
3570,Alken,Gemeente,
3580,Beringen,Stad,
3581,Beverlo,Deelgemeente,3580 Beringen
3582,Koersel,Deelgemeente,3580 Beringen
3583,Paal,Deelgemeente,3580 Beringen
3590,Diepenbeek,Gemeente,
3600,Genk,Stad,
3620,Gellik,Deelgemeente,3620 Lanaken
3620,Neerharen,Deelgemeente,3620 Lanaken
3620,Veldwezelt,Deelgemeente,3620 Lanaken
3620,Lanaken,Gemeente,
3621,Rekem,Deelgemeente,3620 Lanaken
3630,Opgrimbie,Deelgemeente,3630 Maasmechelen
3630,Maasmechelen,Gemeente,
3630,Vucht,Deelgemeente,3630 Maasmechelen
3630,Mechelen-aan-de-maas,Deelgemeente,3630 Maasmechelen
3630,Eisden,Deelgemeente,3630 Maasmechelen
3630,Meeswijk,Deelgemeente,3630 Maasmechelen
3630,Leut,Deelgemeente,3630 Maasmechelen
3631,Uikhoven,Deelgemeente,3630 Maasmechelen
3631,Boorsem,Deelgemeente,3630 Maasmechelen
3640,Kinrooi,Gemeente,
3640,Ophoven,Deelgemeente,3640 Kinrooi
3640,Molenbeersel,Deelgemeente,3640 Kinrooi
3640,Kessenich,Deelgemeente,3640 Kinrooi
3650,Dilsen,Deelgemeente,3650 Dilsen-Stokkem
3650,Dilsen-Stokkem,Stad,
3650,Lanklaar,Deelgemeente,3650 Dilsen-Stokkem
3650,Stokkem,Deelgemeente,3650 Dilsen-Stokkem
3650,Rotem,Deelgemeente,3650 Dilsen-Stokkem
3650,Elen,Deelgemeente,3650 Dilsen-Stokkem
3660,Oudsbergen,Gemeente,
3665,As,Gemeente,
3668,Niel-bij-As,Deelgemeente,3665 As
3670,Oudsbergen,Gemeente,
3670,Wijshagen,Deelgemeente,3670 Oudsbergen
3670,Neerglabbeek,Deelgemeente,3670 Oudsbergen
3670,Gruitrode,Deelgemeente,3670 Oudsbergen
3670,Meeuwen,Deelgemeente,3670 Oudsbergen
3670,Ellikom,Deelgemeente,3670 Oudsbergen
3680,Maaseik,Stad,
3680,Neeroeteren,Deelgemeente,3680 Maaseik
3680,Opoeteren,Deelgemeente,3680 Maaseik
3690,Zutendaal,Gemeente,
3700,Piringen,Deelgemeente,3700 Tongeren
3700,Tongeren,Stad,
3700,Diets-Heur,Deelgemeente,3700 Tongeren
3700,Haren,,
3700,Koninksem,Deelgemeente,3700 Tongeren
3700,Berg,Deelgemeente,3700 Tongeren
3700,Rutten,Deelgemeente,3700 Tongeren
3700,Sluizen,Deelgemeente,3700 Tongeren
3700,Kolmont (Jesseren),Deelgemeente,3700 Tongeren
3700,Mal,Deelgemeente,3700 Tongeren
3700,Widooie,Deelgemeente,3700 Tongeren
3700,Vreren,Deelgemeente,3700 Tongeren
3700,Henis,Deelgemeente,3700 Tongeren
3700,Lauw,Deelgemeente,3700 Tongeren
3700,Neerrepen,Deelgemeente,3700 Tongeren
3700,s Herenelderen,Deelgemeente,3700 Tongeren
3700,Nerem,Deelgemeente,3700 Tongeren
3700,Riksingen,Deelgemeente,3700 Tongeren
3700,Overrepen,Deelgemeente,3700 Tongeren
3717,Herstappe,Gemeente,
3720,Kortessem,Gemeente,
3721,Vliermaalroot,Deelgemeente,3720 Kortessem
3722,Wintershoven,Deelgemeente,3720 Kortessem
3723,Guigoven,Deelgemeente,3720 Kortessem
3724,Vliermaal,Deelgemeente,3720 Kortessem
3730,Romershoven,Deelgemeente,3730 Hoeselt
3730,Sint-huibrechts-hern,Deelgemeente,3730 Hoeselt
3730,Werm,Deelgemeente,3730 Hoeselt
3730,Hoeselt,Gemeente,
3732,Schalkhoven,Deelgemeente,3730 Hoeselt
3740,Bilzen,Stad,
3740,Munsterbilzen,Deelgemeente,3740 Bilzen
3740,Rosmeer,Deelgemeente,3740 Bilzen
3740,Grote-Spouwen,Deelgemeente,3740 Bilzen
3740,Eigenbilzen,Deelgemeente,3740 Bilzen
3740,Waltwilder,Deelgemeente,3740 Bilzen
3740,Kleine-Spouwen,Deelgemeente,3740 Bilzen
3740,Beverst,Deelgemeente,3740 Bilzen
3740,Hees,Deelgemeente,3740 Bilzen
3740,Mopertingen,Deelgemeente,3740 Bilzen
3740,Rijkhoven,Deelgemeente,3740 Bilzen
3742,Martenslinde,Deelgemeente,3740 Bilzen
3746,Hoelbeek,Deelgemeente,3740 Bilzen
3770,Vlijtingen,Deelgemeente,3770 Riemst
3770,Herderen,Deelgemeente,3770 Riemst
3770,Membruggen,Deelgemeente,3770 Riemst
3770,Val-meer,Deelgemeente,3770 Riemst
3770,Vroenhoven,Deelgemeente,3770 Riemst
3770,Riemst,Gemeente,
3770,Genoelselderen,Deelgemeente,3770 Riemst
3770,Millen,Deelgemeente,3770 Riemst
3770,Kanne,Deelgemeente,3770 Riemst
3770,Zichen-Zussen-Bolder,Deelgemeente,3770 Riemst
3790,Sint-Martens-Voeren,Deelgemeente,3790 Voeren
3790,Voeren,Gemeente,
3790,Moelingen,Deelgemeente,3790 Voeren
3791,Remersdaal,Deelgemeente,3790 Voeren
3792,Sint-Pieters-Voeren,Deelgemeente,3790 Voeren
3793,Teuven,Deelgemeente,3790 Voeren
3798,s-Gravenvoeren,Deelgemeente,3790 Voeren
3800,Sint-truiden,Stad,
3800,Engelmanshoven,Deelgemeente,3800 Sint-truiden
3800,Groot-gelmen,Deelgemeente,3800 Sint-truiden
3800,Gelinden,Deelgemeente,3800 Sint-truiden
3800,Aalst,Deelgemeente,3800 Sint-truiden
3800,Ordingen,Deelgemeente,3800 Sint-truiden
3800,Zepperen,Deelgemeente,3800 Sint-truiden
3800,Halmaal,Deelgemeente,3800 Sint-truiden
3800,Kerkom-bij-sint-truiden,Deelgemeente,3800 Sint-truiden
3800,Brustem,Deelgemeente,3800 Sint-truiden
3803,Gorsem,Deelgemeente,3800 Sint-truiden
3803,Wilderen,Deelgemeente,3800 Sint-truiden
3803,Runkelen,Deelgemeente,3800 Sint-truiden
3803,Duras,Deelgemeente,3800 Sint-truiden
3806,Velm,Deelgemeente,3800 Sint-truiden
3830,Berlingen,Deelgemeente,3830 Wellen
3830,Wellen,Gemeente,
3831,Herten,Deelgemeente,3830 Wellen
3832,Ulbeek,Deelgemeente,3830 Wellen
3840,Bommershoven,,3840 Borgloon
3840,Haren,,
3840,Rijkel,,3840 Borgloon
3840,Borgloon,,
3840,Jesseren,,3840 Borgloon
3840,Kolmont (Borgloon),,
3840,Kerniel,,3840 Borgloon
3840,Broekom,,3840 Borgloon
3840,Gors-opleeuw,,3840 Borgloon
3840,Voort,,3840 Borgloon
3840,Gotem,,3840 Borgloon
3840,Hoepertingen,,3840 Borgloon
3840,Kuttekoven,,3840 Borgloon
3840,Groot-loon,,3840 Borgloon
3840,Hendrieken,,3840 Borgloon
3850,Wijer,Deelgemeente,3850 Nieuwerkerken
3850,Kozen,Deelgemeente,3850 Nieuwerkerken
3850,Nieuwerkerken,Gemeente,
3850,Binderveld,Deelgemeente,3850 Nieuwerkerken
3870,Horpmaal,Deelgemeente,3870 Heers
3870,Batsheers,Deelgemeente,3870 Heers
3870,Klein-Gelmen,Deelgemeente,3870 Heers
3870,Rukkelingen-Loon,Deelgemeente,3870 Heers
3870,Opheers,Deelgemeente,3870 Heers
3870,Mettekoven,Deelgemeente,3870 Heers
3870,Vechmaal,Deelgemeente,3870 Heers
3870,Bovelingen,,
3870,Gutshoven,Deelgemeente,3870 Heers
3870,Heers,Gemeente,
3870,Mechelen-Bovelingen,Deelgemeente,3870 Heers
3870,Heks,Deelgemeente,3870 Heers
3870,Veulen,Deelgemeente,3870 Heers
3890,Kortijs,Deelgemeente,3890 Gingelom
3890,Vorsen,Deelgemeente,3890 Gingelom
3890,Jeuk,Deelgemeente,3890 Gingelom
3890,Niel-bij-sint-truiden,Deelgemeente,3890 Gingelom
3890,Gingelom,Gemeente,
3890,Montenaken,Deelgemeente,3890 Gingelom
3890,Boekhout,Deelgemeente,3890 Gingelom
3891,Mielen-boven-aalst,Deelgemeente,3890 Gingelom
3891,Borlo,Deelgemeente,3890 Gingelom
3891,Muizen,Deelgemeente,3890 Gingelom
3891,Buvingen,Deelgemeente,3890 Gingelom
3900,Overpelt,Gemeente,
3910,Neerpelt,Gemeente,
3910,Sint-Huibrechts-Lille,Deelgemeente,3910 Neerpelt
3920,Lommel,Stad,
3930,Hamont-Achel,Stad,
3930,Achel,Deelgemeente,3930 Hamont-Achel
3930,Hamont,Deelgemeente,3930 Hamont-Achel
3940,Hechtel,Deelgemeente,3940 Hechtel-Eksel
3940,Hechtel-Eksel,Gemeente,
3941,Eksel,Deelgemeente,3940 Hechtel-Eksel
3945,Oostham,Deelgemeente,3945 Ham
3945,Kwaadmechelen,Deelgemeente,3945 Ham
3945,Ham,Gemeente,
3950,Bocholt,Gemeente,
3950,Reppel,Deelgemeente,3950 Bocholt
3950,Kaulille,Deelgemeente,3950 Bocholt
3960,Beek,Deelgemeente,3960 Bree
3960,Opitter,Deelgemeente,3960 Bree
3960,Gerdingen,Deelgemeente,3960 Bree
3960,Bree,Stad,
3960,Tongerlo,Deelgemeente,3960 Bree
3970,Leopoldsburg,Gemeente,
3971,Heppen,Deelgemeente,3970 Leopoldsburg
3980,Tessenderlo,Gemeente,
3990,Grote-brogel,Deelgemeente,3990 Peer
3990,Kleine-brogel,Deelgemeente,3990 Peer
3990,Peer,Stad,
3990,Wijchmaal,Deelgemeente,3990 Peer
4000,Luik,,
4000,Glain,,
4000,Rocourt,,
4020,Jupille-sur-meuse,,
4020,Liège,,
4020,Wandre,,
4020,Bressoux,,
4030,Grivegnee,,
4031,Angleur,,
4032,Chênee,,
4040,Herstal,,
4041,Milmort,,
4041,Vottem,,
4042,Liers,,
4050,Chaudfontaine,,
4051,Vaux-sous-chèvremont,,
4052,Beaufays,,
4053,Embourg,,
4100,Seraing,,
4100,Boncelles,,
4101,Jemeppe-sur-meuse,,
4102,Ougrée,,
4120,Ehein,,
4120,Rotheux-rimière,,
4120,Neupré,,
4121,Neuville-en-condroz,,
4122,Plainevaux,,
4130,Tilff,,
4130,Esneux,,
4140,Gomzé-andoumont,,
4140,Sprimont,,
4140,Rouvreux,,
4140,Dolembreux,,
4141,Louveigné,,
4160,Anthisnes,,
4161,Villers-aux-tours,,
4162,Hody,,
4163,Tavier,,
4170,Comblain-au-pont,,
4171,Poulseur,,
4180,Comblain-fairon,,
4180,Comblain-la-tour,,
4180,Hamoir,,
4181,Filot,,
4190,Vieuxville,,
4190,My,,
4190,Xhoris,,
4190,Ferrières,,
4190,Werbomont,,
4210,Hannêche,,
4210,Marneffe,,
4210,Oteppe,,
4210,Lamontzée,,
4210,Burdinne,,
4217,Waret-l'evêque,,
4217,Lavoir,,
4217,Héron,,
4218,Couthuin,,
4219,Ambresin,,
4219,Wasseiges,,
4219,Acosse,,
4219,Meeffe,,
4250,Geer,,
4250,Lens-saint-servais,,
4250,Hollogne-sur-geer,,
4250,Boëlhe,,
4252,Omal,,
4253,Darion,,
4254,Ligney,,
4257,Corswarem,,
4257,Rosoux-crenwick,,
4257,Berloz,,
4260,Avennes,,
4260,Ciplet,,
4260,Ville-en-hesbaye,,
4260,Fumal,,
4260,Fallais,,
4260,Braives,,
4261,Latinne,,
4263,Tourinne,,
4280,Bertrée,,
4280,Merdorp,,
4280,Hannut,,
4280,Trognée,,
4280,Avernas-le-bauduin,,
4280,Cras-avernas,,
4280,Thisnes,,
4280,Moxhe,,
4280,Avin,,
4280,Crehen,,
4280,Grand-hallet,,
4280,Poucet,,
4280,Lens-saint-remy,,
4280,Abolens,,
4280,Blehen,,
4280,Villers-le-peuplier,,
4280,Petit-hallet,,
4280,Wansin,,
4287,Lincent,,
4287,Pellaines,,
4287,Racour,,
4300,Bettincourt,,
4300,Waremme,,
4300,Lantremange,,
4300,Grand-axhe,,
4300,Oleye,,
4300,Bovenistier,,
4300,Bleret,,
4317,Faimes,,
4317,Celles,,
4317,Borlez,,
4317,Aineffe,,
4317,Les waleffes,,
4317,Viemme,,
4340,Awans,,
4340,Villers-l'evêque,,
4340,Fooz,,
4340,Othée,,
4342,Hognoul,,
4347,Noville,,
4347,Freloux,,
4347,Voroux-goreux,,
4347,Fexhe-le-haut-clocher,,
4347,Roloux,,
4350,Remicourt,,
4350,Pousset,,
4350,Momalle,,
4350,Lamine,,
4351,Hodeige,,
4357,Limont,,
4357,Jeneffe,,
4357,Haneffe,,
4357,Donceel,,
4360,Grandville,,
4360,Lens-sur-geer,,
4360,Oreye,,
4360,Bergilers,,
4360,Otrange,,
4367,Fize-le-marsal,,
4367,Odeur,,
4367,Kemexhe,,
4367,Crisnée,,
4367,Thys,,
4400,Chokier,,
4400,Flémalle,,
4400,Flémalle-grande,,
4400,Flémalle-haute,,
4400,Ivoz-ramet,,
4400,Awirs,,
4400,Gleixhe,,
4400,Mons-lez-liège,,
4420,Saint-nicolas,,
4420,Montegnée,,
4420,Tilleur,,
4430,Ans,,
4431,Loncin,,
4432,Xhendremael,,
4432,Alleur,,
4450,Lantin,,
4450,Juprelle,,
4450,Slins,,
4451,Voroux-lez-liers,,
4452,Wihogne,,
4452,Paifve,,
4453,Villers-saint-siméon,,
4458,Fexhe-slins,,
4460,Horion-hozémont,,
4460,Grâce-berleur,,
4460,Grâce-hollogne,,
4460,Bierset,,
4460,Velroux,,
4460,Hollogne-aux-pierres,,
4470,Saint-georges-sur-meuse,,
4480,Ehein,,
4480,Clermont-sous-huy,,
4480,Engis,,
4480,Hermalle-sous-huy,,
4500,Huy,,
4500,Ben-ahin,,
4500,Tihange,,
4520,Wanze,,
4520,Huccorgne,,
4520,Moha,,
4520,Antheit,,
4520,Bas-oha,,
4520,Vinalmont,,
4530,Fize-fontaine,,
4530,Vieux-waleffe,,
4530,Warnant-dreye,,
4530,Vaux-et-borset,,
4530,Villers-le-bouillet,,
4537,Seraing-le-château,,
4537,Chapon-seraing,,
4537,Verlaine,,
4537,Bodegnée,,
4540,Amay,,
4540,Ampsin,,
4540,Flône,,
4540,Ombret,,
4540,Jehay,,
4550,Nandrin,,
4550,Yernée-fraineux,,
4550,Villers-le-temple,,
4550,Saint-séverin,,
4557,Ramelot,,
4557,Fraiture,,
4557,Seny,,
4557,Abée,,
4557,Soheit-tinlot,,
4557,Tinlot,,
4560,Bois-et-borsu,,
4560,Ocquier,,
4560,Clavier,,
4560,Pailhe,,
4560,Les avins,,
4560,Terwagne,,
4570,Vyle-et-tharoul,,
4570,Marchin,,
4577,Vierset-barse,,
4577,Outrelouxhe,,
4577,Modave,,
4577,Strée-lez-huy,,
4590,Ouffet,,
4590,Ellemelle,,
4590,Warzée,,
4600,Visé,,
4600,Richelle,,
4600,Lixhe,,
4600,Lanaye,,
4601,Argenteau,,
4602,Cheratte,,
4606,Saint-andré,,
4607,Mortroux,,
4607,Bombaye,,
4607,Feneur,,
4607,Dalhem,,
4607,Berneau,,
4608,Warsage,,
4608,Neufchâteau,,
4610,Beyne-heusay,,
4610,Bellaire,,
4610,Queue-du-bois,,
4620,Fléron,,
4621,Retinne,,
4623,Magnée,,
4624,Romsée,,
4630,Soumagne,,
4630,Micheroux,,
4630,Tignée,,
4630,Ayeneux,,
4631,Evegnée,,
4632,Cérexhe-heuseux,,
4633,Melen,,
4650,Herve,,
4650,Grand-rechain,,
4650,Chaineux,,
4650,Julémont,,
4651,Battice,,
4652,Xhendelesse,,
4653,Bolland,,
4654,Charneux,,
4670,Mortier,,
4670,Trembleur,,
4670,Blégny,,
4671,Housse,,
4671,Barchon,,
4671,Saive,,
4672,Saint-remy,,
4680,Oupeye,,
4680,Hermée,,
4681,Hermalle-sous-argenteau,,
4682,Houtain-saint-siméon,,
4682,Heure-le-romain,,
4683,Vivegnis,,
4684,Haccourt,,
4690,Boirs,,
4690,Eben-emael,,
4690,Wonck,,
4690,Bassenge,,
4690,Roclenge-sur-geer,,
4690,Glons,,
4700,Eupen,,
4701,Kettenis,,
4710,Lontzen,,
4711,Walhorn,,
4720,Kelmis,,
4721,Neu-moresnet,,
4728,Hergenrath,,
4730,Hauset,,
4730,Raeren,,
4731,Eynatten,,
4750,Butgenbach,,
4750,Elsenborn,,
4760,Büllingen,,
4760,Manderfeld,,
4761,Rocherath,,
4770,Meyerode,,
4770,Amel,,
4771,Heppenbach,,
4780,Sankt-vith,,
4780,Recht,,
4782,Schönberg,,
4783,Lommersweiler,,
4784,Crombach,,
4790,Burg-reuland,,
4790,Reuland,,
4791,Thommen,,
4800,Polleur,,
4800,Lambermont,,
4800,Ensival,,
4800,Verviers,,
4800,Petit-rechain,,
4801,Stembert,,
4802,Heusy,,
4820,Dison,,
4821,Andrimont,,
4830,Limbourg,,
4831,Bilstain,,
4834,Goé,,
4837,Baelen,,
4837,Membach,,
4840,Welkenraedt,,
4841,Henri-chapelle,,
4845,Sart-lez-spa,,
4845,Jalhay,,
4850,Moresnet,,
4850,Plombières,,
4850,Montzen,,
4851,Gemmenich,,
4851,Sippenaeken,,
4852,Hombourg,,
4860,Wegnez,,
4860,Pepinster,,
4860,Cornesse,,
4861,Soiron,,
4870,Trooz,,
4870,Nessonvaux,,
4870,Forêt,,
4870,Fraipont,,
4877,Olne,,
4880,Aubel,,
4890,Thimister,,
4890,Thimister-clermont,,
4890,Clermont,,
4900,Spa,,
4910,Polleur,,
4910,La reid,,
4910,Theux,,
4920,Harzé,,
4920,Louveigné,,
4920,Aywaille,,
4920,Ernonheid,,
4920,Sougné-remouchamps,,
4950,Sourbrodt,,
4950,Faymonville,,
4950,Robertville,,
4950,Weismes,,
4960,Bevercé,,
4960,Malmedy,,
4960,Bellevaux-ligneuville,,
4970,Francorchamps,,
4970,Stavelot,,
4980,Trois-ponts,,
4980,Wanne,,
4980,Fosse,,
4983,Basse-bodeux,,
4987,Lorcé,,
4987,Chevron,,
4987,La gleize,,
4987,Stoumont,,
4987,Rahier,,
4990,Lierneux,,
4990,Bra,,
4990,Arbrefontaine,,
6600,Noville,,
6600,Bastogne,,
6600,Longvilly,,
6600,Wardin,,
6600,Villers-la-bonne-eau,,
6630,Martelange,,
6637,Tintange,,
6637,Hollange,,
6637,Fauvillers,,
6640,Morhet,,
6640,Vaux-lez-rosières,,
6640,Vaux-sur-sûre,,
6640,Nives,,
6640,Hompré,,
6640,Sibret,,
6642,Juseret,,
6660,Houffalize,,
6660,Nadrin,,
6661,Tailles,,
6661,Mont,,
6662,Tavigny,,
6663,Mabompré,,
6666,Wibrin,,
6670,Gouvy,,
6670,Limerlé,,
6671,Bovigny,,
6672,Beho,,
6673,Cherain,,
6674,Montleban,,
6680,Tillet,,
6680,Sainte-ode,,
6680,Amberloup,,
6681,Lavacherie,,
6686,Flamierge,,
6687,Bertogne,,
6688,Longchamps,,
6690,Bihain,,
6690,Vielsalm,,
6692,Petit-thier,,
6698,Grand-halleux,,
6700,Heinsch,Deelgemeente,6700 Arlon
6700,Arlon,Stad,
6700,Bonnert,Deelgemeente,6700 Arlon
6700,Toernich,Deelgemeente,6700 Arlon
6704,Guirsch,Deelgemeente,6700 Arlon
6706,Autelbas,Deelgemeente,6700 Arlon
6717,Thiaumont,,
6717,Nothomb,,
6717,Attert,,
6717,Tontelange,,
6717,Nobressart,,
6720,Hachy,,
6720,Habay,,
6720,Habay-la-neuve,,
6721,Anlier,,
6723,Habay-la-vieille,,
6724,Houdemont,,
6724,Rulles,,
6730,Saint-vincent,,
6730,Rossignol,,
6730,Tintigny,,
6730,Bellefontaine,,
6740,Villers-sur-semois,,
6740,Sainte-marie-sur-semois,,
6740,Etalle,,
6741,Vance,,
6742,Chantemelle,,
6743,Buzenol,,
6747,Meix-le-tige,,
6747,Châtillon,,
6747,Saint-léger,,
6750,Signeulx,,
6750,Musson,,
6750,Mussy-la-ville,,
6760,Bleid,,
6760,Virton,,
6760,Ruette,,
6760,Ethe,,
6761,Latour,,
6762,Saint-mard,,
6767,Dampicourt,,
6767,Lamorteau,,
6767,Rouvroy,,
6767,Torgny,,
6767,Harnoncourt,,
6769,Villers-la-loue,,
6769,Meix-devant-virton,,
6769,Sommethonne,,
6769,Gérouville,,
6769,Robelmont,,
6780,Hondelange,,
6780,Wolkrange,,
6780,Messancy,,
6781,Sélange,,
6782,Habergy,,
6790,Aubange,,
6791,Athus,,
6792,Halanzy,,
6792,Rachecourt,,
6800,Sainte-marie-chevigny,,
6800,Recogne,,
6800,Freux,,
6800,Remagne,,
6800,Moircy,,
6800,Bras,,
6800,Libramont-chevigny,,
6800,Saint-pierre,,
6810,Izel,,
6810,Jamoigne,,
6810,Chiny,,
6811,Les bulles,,
6812,Suxy,,
6813,Termes,,
6820,Sainte-cécile,,
6820,Muno,,
6820,Florenville,,
6820,Fontenoille,,
6821,Lacuisine,,
6823,Villers-devant-orval,,
6824,Chassepierre,,
6830,Rochehaut,,
6830,Poupehan,,
6830,Bouillon,,
6830,Les hayons,,
6831,Noirfontaine,,
6832,Sensenruth,,
6833,Ucimont,,
6833,Vivy,,
6834,Bellevaux,,
6836,Dohan,,
6838,Corbion,,
6840,Longlier,,
6840,Grandvoir,,
6840,Grapfontaine,,
6840,Hamipré,,
6840,Neufchâteau,,
6840,Tournay,,
6850,Paliseul,,
6850,Carlsbourg,,
6850,Offagne,,
6851,Nollevaux,,
6852,Maissin,,
6852,Opont,,
6853,Framont,,
6856,Fays-les-veneurs,,
6860,Assenois,,
6860,Léglise,,
6860,Mellier,,
6860,Ebly,,
6860,Witry,,
6870,Hatrival,,
6870,Arville,,
6870,Vesqueville,,
6870,Saint-hubert,,
6870,Mirwart,,
6870,Awenne,,
6880,Bertrix,,
6880,Auby-sur-semois,,
6880,Jehonville,,
6880,Orgeo,,
6880,Cugnon,,
6887,Herbeumont,,
6887,Straimont,,
6887,Saint-médard,,
6890,Anloy,,
6890,Smuid,,
6890,Ochamps,,
6890,Redu,,
6890,Villance,,
6890,Libin,,
6890,Transinne,,
6900,Roy,,
6900,Humain,,
6900,Waha,,
6900,On,,
6900,Hargimont,,
6900,Marche-en-famenne,,
6900,Aye,,
6920,Sohier,,
6920,Wellin,,
6921,Chanly,,
6922,Halma,,
6924,Lomprez,,
6927,Grupont,,
6927,Resteigne,,
6927,Tellin,,
6927,Bure,,
6929,Daverdisse,,
6929,Porcheresse,,
6929,Haut-fays,,
6929,Gembes,,
6940,Grandhan,,
6940,Barvaux-sur-ourthe,,
6940,Durbuy,,
6940,Wéris,,
6940,Septon,,
6941,Villers-sainte-gertrude,,
6941,Bomal-sur-ourthe,,
6941,Borlon,,
6941,Tohogne,,
6941,Heyd,,
6941,Izier,,
6941,Bende,,
6950,Harsin,,
6950,Nassogne,,
6951,Bande,,
6952,Grune,,
6953,Masbourg,,
6953,Forrières,,
6953,Lesterny,,
6953,Ambly,,
6960,Dochamps,,
6960,Vaux-chavanne,,
6960,Grandmenil,,
6960,Odeigne,,
6960,Malempré,,
6960,Manhay,,
6960,Harre,,
6970,Tenneville,,
6971,Champlon,,
6972,Erneuville,,
6980,Beausaint,,
6980,La roche-en-ardenne,,
6982,Samrée,,
6983,Ortho,,
6984,Hives,,
6986,Halleux,,
6987,Beffe,,
6987,Hodister,,
6987,Rendeux,,
6987,Marcourt,,
6990,Marenne,,
6990,Hotton,,
6990,Hampteau,,
6990,Fronville,,
6997,Mormont,,
6997,Soy,,
6997,Erezée,,
6997,Amonines,,
5000,Beez,,
5000,Namur,,
5001,Belgrade,,
5002,Saint-servais,,
5003,Saint-marc,,
5004,Bouge,,
5020,Suarlée,,
5020,Flawinne,,
5020,Malonne,,
5020,Daussoulx,,
5020,Champion,,
5020,Vedrin,,
5020,Temploux,,
5021,Boninne,,
5022,Cognelée,,
5024,Gelbressée,,
5024,Marche-les-dames,,
5030,Gembloux,,
5030,Grand-manil,,
5030,Beuzet,,
5030,Lonzée,,
5030,Ernage,,
5030,Sauvenière,,
5031,Grand-leez,,
5032,Isnes,,
5032,Mazy,,
5032,Corroy-le-château,,
5032,Bossière,,
5032,Bothey,,
5060,Moignelée,,
5060,Sambreville,,
5060,Auvelais,,
5060,Falisolle,,
5060,Tamines,,
5060,Velaine-sur-sambre,,
5060,Keumiée,,
5060,Arsimont,,
5070,Fosses-la-ville,,
5070,Aisemont,,
5070,Le roux,,
5070,Sart-eustache,,
5070,Sart-saint-laurent,,
5070,Vitrival,,
5080,Emines,,
5080,Villers-lez-heest,,
5080,Rhisnes,,
5080,Warisoulx,,
5080,La bruyère,,
5081,Bovesse,,
5081,Saint-denis-bovesse,,
5081,Meux,,
5100,Jambes,,
5100,Naninne,,
5100,Wépion,,
5100,Dave,,
5100,Wierde,,
5101,Lives-sur-meuse,,
5101,Loyers,,
5101,Erpent,,
5140,Boignée,,
5140,Tongrinne,,
5140,Ligny,,
5140,Sombreffe,,
5150,Floreffe,,
5150,Franière,,
5150,Floriffoux,,
5150,Soye,,
5170,Profondeville,,
5170,Bois-de-villers,,
5170,Rivière,,
5170,Arbre,,
5170,Lustin,,
5170,Lesve,,
5190,Mornimont,,
5190,Balâtre,,
5190,Ham-sur-sambre,,
5190,Jemeppe-sur-sambre,,
5190,Moustier-sur-sambre,,
5190,Onoz,,
5190,Saint-martin,,
5190,Spy,,
5300,Sclayn,,
5300,Vezin,,
5300,Maizeret,,
5300,Namêche,,
5300,Landenne,,
5300,Seilles,,
5300,Andenne,,
5300,Bonneville,,
5300,Coutisse,,
5300,Thon,,
5310,Aische-en-refail,,
5310,Liernu,,
5310,Noville-sur-méhaigne,,
5310,Mehaigne,,
5310,Eghezée,,
5310,Bolinne,,
5310,Longchamps,,
5310,Boneffe,,
5310,Upigny,,
5310,Dhuy,,
5310,Taviers,,
5310,Branchon,,
5310,Saint-germain,,
5310,Waret-la-chaussée,,
5310,Hanret,,
5310,Leuze,,
5330,Assesse,,
5330,Maillen,,
5330,Sart-bernard,,
5332,Crupet,,
5333,Sorinne-la-longue,,
5334,Florée,,
5336,Courrière,,
5340,Sorée,,
5340,Gesves,,
5340,Haltinne,,
5340,Faulx-les-tombes,,
5340,Mozet,,
5350,Ohey,,
5350,Evelette,,
5351,Haillot,,
5352,Perwez-haillot,,
5353,Goesnes,,
5354,Jallet,,
5360,Natoye,,
5360,Hamois,,
5361,Scy,,
5361,Mohiville,,
5362,Achet,,
5363,Emptinne,,
5364,Schaltin,,
5370,Porcheresse,,
5370,Havelange,,
5370,Flostoy,,
5370,Jeneffe,,
5370,Barvaux-condroz,,
5370,Verlée,,
5372,Méan,,
5374,Maffe,,
5376,Miécret,,
5377,Heure,,
5377,Hogne,,
5377,Waillet,,
5377,Baillonville,,
5377,Nettinne,,
5377,Sinsin,,
5377,Bonsin,,
5377,Somme-leuze,,
5377,Noiseux,,
5380,Noville-les-bois,,
5380,Tillier,,
5380,Hingeon,,
5380,Franc-waret,,
5380,Cortil-wodon,,
5380,Marchovelette,,
5380,Bierwart,,
5380,Fernelmont,,
5380,Hemptinne,,
5380,Pontillas,,
5380,Forville,,
5500,Dréhance,,
5500,Bouvignes-sur-meuse,,
5500,Falmagne,,
5500,Falmignoul,,
5500,Anseremme,,
5500,Dinant,,
5500,Furfooz,,
5501,Lisogne,,
5502,Thynes,,
5503,Sorinnes,,
5504,Foy-notre-dame,,
5520,Onhaye,,
5520,Anthée,,
5521,Serville,,
5522,Falaen,,
5523,Weillen,,
5523,Sommière,,
5524,Gerin,,
5530,Evrehailles,,
5530,Durnal,,
5530,Mont,,
5530,Purnode,,
5530,Godinne,,
5530,Houx,,
5530,Yvoir,,
5530,Spontin,,
5530,Dorinne,,
5537,Sosoye,,
5537,Anhée,,
5537,Denée,,
5537,Haut-le-wastia,,
5537,Annevoie-rouillon,,
5537,Bioul,,
5537,Warnant,,
5540,Waulsort,,
5540,Hermeton-sur-meuse,,
5540,Hastière,,
5540,Hastière-lavaux,,
5541,Hastière-par-delà,,
5542,Blaimont,,
5543,Heer,,
5544,Agimont,,
5550,Nafraiture,,
5550,Laforet,,
5550,Bohan,,
5550,Alle,,
5550,Sugny,,
5550,Vresse-sur-semois,,
5550,Chairière,,
5550,Membre,,
5550,Bagimont,,
5550,Pussemange,,
5550,Mouzaive,,
5550,Orchimont,,
5555,Graide,,
5555,Monceau-en-ardenne,,
5555,Bellefontaine,,
5555,Cornimont,,
5555,Gros-fays,,
5555,Naomé,,
5555,Oizy,,
5555,Baillamont,,
5555,Petit-fays,,
5555,Bièvre,,
5560,Finnevaux,,
5560,Mesnil-eglise,,
5560,Mesnil-saint-blaise,,
5560,Ciergnon,,
5560,Houyet,,
5560,Hulsonniaux,,
5561,Celles,,
5562,Custinne,,
5563,Hour,,
5564,Wanlin,,
5570,Vonêche,,
5570,Honnay,,
5570,Javingue,,
5570,Wancennes,,
5570,Winenne,,
5570,Felenne,,
5570,Baronville,,
5570,Dion,,
5570,Feschaux,,
5570,Beauraing,,
5571,Wiesme,,
5572,Focant,,
5573,Martouzin-neuville,,
5574,Pondrôme,,
5575,Patignies,,
5575,Bourseigne-neuve,,
5575,Bourseigne-vieille,,
5575,Malvoisin,,
5575,Sart-custinne,,
5575,Houdremont,,
5575,Louette-saint-denis,,
5575,Willerzie,,
5575,Louette-saint-pierre,,
5575,Rienne,,
5575,Vencimont,,
5575,Gedinne,,
5576,Froidfontaine,,
5580,Wavreille,,
5580,Ave-et-auffe,,
5580,Lavaux-saint-anne,,
5580,Mont-gauthier,,
5580,Jemelle,,
5580,Eprave,,
5580,Villers-sur-lesse,,
5580,Lessive,,
5580,Han-sur-lesse,,
5580,Rochefort,,
5580,Buissonville,,
5590,Conneux,,
5590,Pessoux,,
5590,Serinchamps,,
5590,Braibant,,
5590,Chevetogne,,
5590,Leignon,,
5590,Haversin,,
5590,Sovet,,
5590,Achêne,,
5590,Ciney,,
5600,Roly,,
5600,Samart,,
5600,Romedenne,,
5600,Fagnolle,,
5600,Jamagne,,
5600,Villers-en-fagne,,
5600,Surice,,
5600,Jamiolle,,
5600,Franchimont,,
5600,Merlemont,,
5600,Villers-le-gambon,,
5600,Sart-en-fagne,,
5600,Omezée,,
5600,Neuville,,
5600,Philippeville,,
5600,Sautour,,
5600,Vodecée,,
5620,Flavion,,
5620,Corenne,,
5620,Rosée,,
5620,Saint-aubin,,
5620,Florennes,,
5620,Morville,,
5620,Hemptinne-lez-florennes,,
5621,Hanzinelle,,
5621,Hanzinne,,
5621,Morialmé,,
5621,Thy-le-baudouin,,
5630,Daussois,,
5630,Cerfontaine,,
5630,Villers-deux-eglises,,
5630,Senzeille,,
5630,Silenrieux,,
5630,Soumoy,,
5640,Graux,,
5640,Biesme,,
5640,Saint-gérard,,
5640,Biesmerée,,
5640,Mettet,,
5640,Oret,,
5641,Furnaux,,
5644,Ermeton-sur-biert,,
5646,Stave,,
5650,Castillon,,
5650,Vogenée,,
5650,Fraire,,
5650,Pry,,
5650,Walcourt,,
5650,Chastrès,,
5650,Yves-gomezée,,
5650,Fontenelle,,
5650,Clermont,,
5651,Thy-le-château,,
5651,Somzée,,
5651,Laneffe,,
5651,Berzée,,
5651,Tarcienne,,
5651,Gourdinne,,
5651,Rognée,,
5660,Aublain,,
5660,Dailly,,
5660,Presgaux,,
5660,Pesche,,
5660,Boussu-en-fagne,,
5660,Petigny,,
5660,Mariembourg,,
5660,Frasnes,,
5660,Petite-chapelle,,
5660,Couvin,,
5660,Brûly,,
5660,Gonrieux,,
5660,Brûly-de-pesche,,
5660,Cul-des-sarts,,
5670,Dourbes,,
5670,Vierves-sur-viroin,,
5670,Oignies-en-thiérache,,
5670,Treignes,,
5670,Le mesnil,,
5670,Olloy-sur-viroin,,
5670,Viroinval,,
5670,Nismes,,
5670,Mazée,,
5680,Romerée,,
5680,Gimnée,,
5680,Soulme,,
5680,Gochenée,,
5680,Vaucelles,,
5680,Matagne-la-grande,,
5680,Doische,,
5680,Matagne-la-petite,,
5680,Niverlée,,
5680,Vodelée,,
1500,Halle,Stad,
1501,Buizingen,Deelgemeente,1500 Halle
1502,Lembeek,Deelgemeente,1500 Halle
1540,Herfelingen,Deelgemeente,1540 Herne
1540,Herne,Gemeente,
1541,Sint-pieters-kapelle,Deelgemeente,1540 Herne
1547,Bever,Gemeente,
1560,Hoeilaart,Gemeente,
1570,Vollezele,Deelgemeente,1570 Galmaarden
1570,Galmaarden,Gemeente,
1570,Tollembeek,Deelgemeente,1570 Galmaarden
1600,Sint-Laureins-Berchem,Deelgemeente,1600 Sint-Pieters-Leeuw
1600,Oudenaken,Deelgemeente,1600 Sint-Pieters-Leeuw
1600,Sint-Pieters-Leeuw,Gemeente,
1601,Ruisbroek,Deelgemeente,1600 Sint-Pieters-Leeuw
1602,Vlezenbeek,Deelgemeente,1600 Sint-Pieters-Leeuw
1620,Drogenbos,Gemeente,
1630,Linkebeek,Gemeente,
1640,Sint-Genesius-Rode,Gemeente,
1650,Beersel,Gemeente,
1651,Lot,Deelgemeente,1650 Beersel
1652,Alsemberg,Deelgemeente,1650 Beersel
1653,Dworp,Deelgemeente,1650 Beersel
1654,Huizingen,Deelgemeente,1650 Beersel
1670,Pepingen,Gemeente,
1670,Bogaarden,Deelgemeente,1670 Pepingen
1670,Heikruis,Deelgemeente,1670 Pepingen
1671,Elingen,Deelgemeente,1670 Pepingen
1673,Beert,Deelgemeente,1670 Pepingen
1674,Bellingen,Deelgemeente,1670 Pepingen
1700,Dilbeek,Gemeente,
1700,Sint-ulriks-kapelle,Deelgemeente,1700 Dilbeek
1700,Sint-martens-bodegem,Deelgemeente,1700 Dilbeek
1701,Itterbeek,Deelgemeente,1700 Dilbeek
1702,Groot-bijgaarden,Deelgemeente,1700 Dilbeek
1703,Schepdaal,Deelgemeente,1700 Dilbeek
1730,Kobbegem,Deelgemeente,1730 Asse
1730,Bekkerzeel,Deelgemeente,1730 Asse
1730,Mollem,Deelgemeente,1730 Asse
1730,Asse,Gemeente,
1731,Zellik,Deelgemeente,1730 Asse
1731,Relegem,Deelgemeente,1730 Asse
1740,Ternat,Gemeente,
1741,Wambeek,Deelgemeente,1740 Ternat
1742,Sint-Katherina-Lombeek,Deelgemeente,1740 Ternat
1745,Opwijk,Gemeente,
1745,Mazenzele,Deelgemeente,1745 Opwijk
1750,Gaasbeek,Deelgemeente,1750 Lennik
1750,Sint-kwintens-lennik,Deelgemeente,1750 Lennik
1750,Lennik,Gemeente,
1750,Sint-martens-lennik,Deelgemeente,1750 Lennik
1755,Kester,Deelgemeente,1755 Gooik
1755,Leerbeek,Deelgemeente,1755 Gooik
1755,Gooik,Gemeente,
1755,Oetingen,Deelgemeente,1755 Gooik
1760,Onze-Lieve-Vrouw-Lombeek,Deelgemeente,1760 Roosdaal
1760,Roosdaal,Gemeente,
1760,Pamel,Deelgemeente,1760 Roosdaal
1760,Strijtem,Deelgemeente,1760 Roosdaal
1761,Borchtlombeek,Deelgemeente,1760 Roosdaal
1770,Liedekerke,Gemeente,
1780,Wemmel,Gemeente,
1785,Peizegem,Deelgemeente,1785 Merchtem
1785,Brussegem,Deelgemeente,1785 Merchtem
1785,Hamme,Deelgemeente,1785 Merchtem
1785,Merchtem,Gemeente,
1790,Essene,Deelgemeente,1790 Affligem
1790,Teralfene,Deelgemeente,1790 Affligem
1790,Affligem,Gemeente,
1790,Hekelgem,Deelgemeente,1790 Affligem
1800,Vilvoorde,Stad,
1800,Peutie,Deelgemeente,1800 Vilvoorde
1820,Melsbroek,Deelgemeente,1820 Steenokkerzeel
1820,Perk,Deelgemeente,1820 Steenokkerzeel
1820,Steenokkerzeel,Gemeente,
1830,Machelen,Gemeente,
1831,Diegem,Deelgemeente,1830 Machelen
1840,Londerzeel,Gemeente,
1840,Steenhuffel,Deelgemeente,1840 Londerzeel
1840,Malderen,Deelgemeente,1840 Londerzeel
1850,Grimbergen,Gemeente,
1851,Humbeek,Deelgemeente,1850 Grimbergen
1852,Beigem,Deelgemeente,1850 Grimbergen
1853,Strombeek-bever,Deelgemeente,1850 Grimbergen
1860,Meise,Gemeente,
1861,Wolvertem,Deelgemeente,1860 Meise
1880,Nieuwenrode,Deelgemeente,1880 Kapelle-op-Den-Bos
1880,Ramsdonk,Deelgemeente,1880 Kapelle-op-Den-Bos
1880,Kapelle-op-Den-Bos,Gemeente,
1910,Nederokkerzeel,Deelgemeente,1910 Kampenhout
1910,Berg,Deelgemeente,1910 Kampenhout
1910,Buken,Deelgemeente,1910 Kampenhout
1910,Kampenhout,Gemeente,
1930,Zaventem,Gemeente,
1930,Nossegem,Deelgemeente,1930 Zaventem
1932,Sint-Stevens-Woluwe,Deelgemeente,1930 Zaventem
1933,Sterrebeek,Deelgemeente,1930 Zaventem
1950,Kraainem,Gemeente,
1970,Wezembeek-Oppem,Gemeente,
1980,Eppegem,Deelgemeente,1980 Zemst
1980,Zemst,Gemeente,
1981,Hofstade,Deelgemeente,1980 Zemst
1982,Weerde,Deelgemeente,1980 Zemst
1982,Elewijt,Deelgemeente,1980 Zemst
3000,Leuven,Stad,
3001,Heverlee,Deelgemeente,3000 Leuven
3010,Kessel-Lo,Deelgemeente,3000 Leuven
3012,Wilsele,Deelgemeente,3000 Leuven
3018,Wijgmaal,,
3020,Herent,Gemeente,
3020,Winksele,Deelgemeente,3020 Herent
3020,Veltem-beisem,Deelgemeente,3020 Herent
3040,Huldenberg,Gemeente,
3040,Sint-agatha-rode,Deelgemeente,3040 Huldenberg
3040,Neerijse,Deelgemeente,3040 Huldenberg
3040,Loonbeek,Deelgemeente,3040 Huldenberg
3040,Ottenburg,Deelgemeente,3040 Huldenberg
3050,Oud-Heverlee,Gemeente,
3051,Sint-Joris-Weert,Deelgemeente,3050 Oud-Heverlee
3052,Blanden,Deelgemeente,3050 Oud-Heverlee
3053,Haasrode,Deelgemeente,3050 Oud-Heverlee
3054,Vaalbeek,Deelgemeente,3050 Oud-Heverlee
3060,Korbeek-Dijle,Deelgemeente,3060 Bertem
3060,Bertem,Gemeente,
3061,Leefdaal,Deelgemeente,3060 Bertem
3070,Kortenberg,Gemeente,
3071,Erps-kwerps,Deelgemeente,3070 Kortenberg
3078,Meerbeek,Deelgemeente,3070 Kortenberg
3078,Everberg,Deelgemeente,3070 Kortenberg
3080,Tervuren,Gemeente,
3080,Duisburg,Deelgemeente,3080 Tervuren
3080,Vossem,Deelgemeente,3080 Tervuren
3090,Overijse,Gemeente,
3110,Rotselaar,Gemeente,
3111,Wezemaal,Deelgemeente,3110 Rotselaar
3118,Werchter,Deelgemeente,3110 Rotselaar
3120,Tremelo,Gemeente,
3128,Baal,Deelgemeente,3120 Tremelo
3130,Betekom,Deelgemeente,3130 Begijnendijk
3130,Begijnendijk,Gemeente,
3140,Keerbergen,Gemeente,
3150,Haacht,Gemeente,
3150,Tildonk,Deelgemeente,3150 Haacht
3150,Wespelaar,Deelgemeente,3150 Haacht
3190,Boortmeerbeek,,
3191,Hever,,3190 Boortmeerbeek
3200,Gelrode,Deelgemeente,3200 Aarschot
3200,Aarschot,Stad,
3201,Langdorp,Deelgemeente,3200 Aarschot
3202,Rillaar,Deelgemeente,3200 Aarschot
3210,Lubbeek,Gemeente,
3210,Linden,Deelgemeente,3210 Lubbeek
3211,Binkom,Deelgemeente,3210 Lubbeek
3212,Pellenberg,Deelgemeente,3210 Lubbeek
3220,Sint-pieters-rode,Deelgemeente,3220 Holsbeek
3220,Kortrijk-dutsel,Deelgemeente,3220 Holsbeek
3220,Holsbeek,Gemeente,
3221,Nieuwrode,Deelgemeente,3220 Holsbeek
3270,Scherpenheuvel,Deelgemeente,3270 Scherpenheuvel-Zichem
3270,Scherpenheuvel-Zichem,Stad,
3271,Averbode,Deelgemeente,3270 Scherpenheuvel-Zichem
3271,Zichem,Deelgemeente,3270 Scherpenheuvel-Zichem
3272,Messelbroek,Deelgemeente,3270 Scherpenheuvel-Zichem
3272,Testelt,Deelgemeente,3270 Scherpenheuvel-Zichem
3290,Webbekom,Deelgemeente,3290 Diest
3290,Schaffen,Deelgemeente,3290 Diest
3290,Deurne,Deelgemeente,3290 Diest
3290,Diest,Stad,
3293,Kaggevinne,Deelgemeente,3290 Diest
3294,Molenstede,Deelgemeente,3290 Diest
3300,Oplinter,Deelgemeente,3300 Tienen
3300,Oorbeek,Deelgemeente,3390 Tielt
3300,Bost,Deelgemeente,3300 Tienen
3300,Sint-Margriete-Houtem,Deelgemeente,3300 Tienen
3300,Vissenaken,Deelgemeente,3300 Tienen
3300,Hakendover,Deelgemeente,3300 Tienen
3300,Tienen,Stad,
3300,Goetsenhoven,Deelgemeente,3300 Tienen
3300,Kumtich,Deelgemeente,3300 Tienen
3320,Meldert,Deelgemeente,3320 Hoegaarden
3320,Hoegaarden,Gemeente,
3321,Outgaarden,Deelgemeente,3320 Hoegaarden
3350,Drieslinter,Deelgemeente,3350 Linter
3350,Linter,Gemeente,
3350,Neerhespen,Deelgemeente,3350 Linter
3350,Orsmaal-gussenhoven,Deelgemeente,3350 Linter
3350,Melkwezer,Deelgemeente,3350 Linter
3350,Neerlinter,Deelgemeente,3350 Linter
3350,Wommersom,Deelgemeente,3350 Linter
3350,Overhespen,Deelgemeente,3350 Linter
3360,Opvelp,Deelgemeente,3360 Bierbeek
3360,Korbeek-Lo,Deelgemeente,3360 Bierbeek
3360,Bierbeek,Gemeente,
3360,Lovenjoel,Deelgemeente,3360 Bierbeek
3370,Boutersem,,
3370,Neervelp,,3370 Boutersem
3370,Roosbeek,,3370 Boutersem
3370,Vertrijk,,3370 Boutersem
3370,Kerkom,,3370 Boutersem
3370,Willebringen,,3370 Boutersem
3380,Glabbeek-Zuurbemde,Deelgemeente,3380 Glabbeek
3380,Bunsbeek,Deelgemeente,3380 Glabbeek
3380,Glabbeek,Gemeente,
3381,Kapellen,Deelgemeente,3380 Glabbeek
3384,Attenrode,Deelgemeente,3380 Glabbeek
3390,Sint-Joris-Winge,Deelgemeente,3390 Tielt-Winge
3390,Houwaart,Deelgemeente,3390 Tielt-Winge
3390,Tielt-Winge,Gemeente,
3390,Tielt,Deelgemeente,3390 Tielt-Winge
3391,Meensel-Kiezegem,Deelgemeente,3390 Tielt-Winge
3400,Wange,Deelgemeente,3400 Landen
3400,Ezemaal,Deelgemeente,3400 Landen
3400,Overwinden,Deelgemeente,3400 Landen
3400,Landen,Stad,
3400,Eliksem,Deelgemeente,3400 Landen
3400,Neerwinden,Deelgemeente,3400 Landen
3400,Rumsdorp,Deelgemeente,3400 Landen
3400,Laar,Deelgemeente,3400 Landen
3401,Walshoutem,Deelgemeente,3400 Landen
3401,Wezeren,Deelgemeente,3400 Landen
3401,Waasmont,Deelgemeente,3400 Landen
3401,Walsbets,Deelgemeente,3400 Landen
3404,Attenhoven,Deelgemeente,3400 Landen
3404,Neerlanden,Deelgemeente,3400 Landen
3440,Helen-Bos,Deelgemeente,3440 Zoutleeuw
3440,Dormaal,Deelgemeente,3440 Zoutleeuw
3440,Budingen,Deelgemeente,3440 Zoutleeuw
3440,Halle-Booienhoven,Deelgemeente,3440 Zoutleeuw
3440,Zoutleeuw,Stad,
3450,Grazen,Deelgemeente,3450 Geetbets
3450,Geetbets,Gemeente,
3454,Rummen,Deelgemeente,3450 Geetbets
3460,Assent,Deelgemeente,3460 Bekkevoort
3460,Bekkevoort,Gemeente,
3461,Molenbeek-Wersbeek,Deelgemeente,3460 Bekkevoort
3470,Sint-margriete-houtem,,
3470,Kortenaken,Gemeente,
3470,Ransberg,Deelgemeente,3470 Kortenaken
3471,Hoeleden,Deelgemeente,3470 Kortenaken
3472,Kersbeek-miskom,Deelgemeente,3470 Kortenaken
3473,Waanrode,Deelgemeente,3470 Kortenaken
1300,Limal,,
1300,Wavre,,
1301,Bierges,,
1310,La hulpe,,
1315,Piètrebais,,
1315,Opprebais,,
1315,Incourt,,
1315,Roux-miroir,,
1315,Glimes,,
1320,Beauvechain,,
1320,Hamme-mille,,
1320,L'ecluse,,
1320,Nodebais,,
1320,Tourinnes-la-grosse,,
1325,Dion-valmont,,
1325,Longueville,,
1325,Chaumont-gistoux,,
1325,Bonlez,,
1325,Corroy-le-grand,,
1330,Rixensart,,
1331,Rosières,,
1332,Genval,,
1340,Ottignies,,
1340,Ottignies-louvain-la-neuve,,
1341,Céroux-mousty,,
1342,Limelette,,
1348,Louvain-la-neuve,,
1350,Jauche,,
1350,Enines,,
1350,Folx-les-caves,,
1350,Orp-jauche,,
1350,Orp-le-grand,,
1350,Marilles,,
1350,Noduwez,,
1350,Jandrain-jandrenouille,,
1357,Linsmeau,,
1357,Opheylissem,,
1357,Hélécine,,
1357,Neerheylissem,,
1360,Orbais,,
1360,Thorembais-les-béguines,,
1360,Malèves-sainte-marie-wastines,,
1360,Thorembais-saint-trond,,
1360,Perwez,,
1367,Grand-rosière-hottomont,,
1367,Mont-saint-andré,,
1367,Geest-gérompont-petit-rosière,,
1367,Ramillies,,
1367,Bomal,,
1367,Huppaye,,
1367,Autre-eglise,,
1367,Gérompont,,
1370,Piétrain,,
1370,Saint-jean-geest,,
1370,Dongelberg,,
1370,Saint-remy-geest,,
1370,Jauchelette,,
1370,Jodoigne,,
1370,Jodoigne-souveraine,,
1370,Lathuy,,
1370,Zétrud-lumay,,
1370,Mélin,,
1380,Plancenoit,,
1380,Lasne,,
1380,Maransart,,
1380,Lasne-chapelle-saint-lambert,,
1380,Couture-saint-germain,,
1380,Ohain,,
1390,Grez-doiceau,,
1390,Biez,,
1390,Nethen,,
1390,Archennes,,
1390,Bossut-gottechain,,
1400,Monstreux,,
1400,Nivelles,,
1401,Baulers,,
1402,Thines,,
1404,Bornival,,
1410,Waterloo,,
1420,Braine-l'alleud,,
1421,Ophain-bois-seigneur-isaac,,
1428,Lillois-witterzée,,
1430,Bierghes,,
1430,Quenast,,
1430,Rebecq,,
1430,Rebecq-rognon,,
1435,Mont-saint-guibert,,
1435,Hévillers,,
1435,Corbais,,
1440,Wauthier-braine,,
1440,Braine-le-château,,
1450,Chastre,,
1450,Chastre-villeroux-blanmont,,
1450,Gentinnes,,
1450,Cortil-noirmont,,
1450,Saint-géry,,
1457,Walhain,,
1457,Walhain-saint-paul,,
1457,Nil-saint-vincent-saint-martin,,
1457,Tourinnes-saint-lambert,,
1460,Virginal-samme,,
1460,Ittre,,
1461,Haut-ittre,,
1470,Genappe,,
1470,Bousval,,
1470,Baisy-thy,,
1471,Loupoigne,,
1472,Vieux-genappe,,
1473,Glabais,,
1474,Ways,,
1476,Houtain-le-val,,
1480,Oisquercq,,
1480,Saintes,,
1480,Clabecq,,
1480,Tubize,,
1490,Court-saint-etienne,,
1495,Mellery,,
1495,Villers-la-ville,,
1495,Sart-dames-avelines,,
1495,Tilly,,
1495,Marbais,,
8000,Brugge,Stad,
8000,Koolkerke,Deelgemeente,8000 Brugge
8020,Ruddervoorde,Deelgemeente,8020 Oostkamp
8020,Waardamme,Deelgemeente,8020 Oostkamp
8020,Oostkamp,Gemeente,
8020,Hertsberge,Deelgemeente,8020 Oostkamp
8200,Sint-michiels,Deelgemeente,8000 Brugge
8200,Sint-andries,Deelgemeente,8000 Brugge
8210,Veldegem,Deelgemeente,8210 Zedelgem
8210,Loppem,Deelgemeente,8210 Zedelgem
8210,Zedelgem,Gemeente,
8211,Aartrijke,Deelgemeente,8210 Zedelgem
8300,Westkapelle,Deelgemeente,8300 Knokke-Heist
8300,Knokke,Deelgemeente,8300 Knokke-Heist
8300,Knokke-Heist,Gemeente,
8301,Ramskapelle,Deelgemeente,8300 Knokke-Heist
8301,Heist-aan-zee,Deelgemeente,8300 Knokke-Heist
8310,Sint-kruis,Deelgemeente,8000 Brugge
8310,Assebroek,Deelgemeente,8000 Brugge
8340,Damme,Stad,
8340,Moerkerke,Deelgemeente,8340 Damme
8340,Hoeke,Deelgemeente,8340 Damme
8340,Oostkerke,Deelgemeente,8340 Damme
8340,Sijsele,Deelgemeente,8340 Damme
8340,Lapscheure,Deelgemeente,8340 Damme
8370,Blankenberge,Stad,
8370,Uitkerke,Deelgemeente,8370 Blankenberge
8377,Nieuwmunster,Deelgemeente,8377 Zuienkerke
8377,Houtave,Deelgemeente,8377 Zuienkerke
8377,Meetkerke,Deelgemeente,8377 Zuienkerke
8377,Zuienkerke,Gemeente,
8380,Dudzele,Deelgemeente,8000 Brugge
8380,Zeebrugge,,
8380,Lissewege,Deelgemeente,8000 Brugge
8400,Oostende,Stad,
8400,Zandvoorde,Deelgemeente,8400 Oostende
8400,Stene,Deelgemeente,8400 Oostende
8420,Klemskerke,Deelgemeente,8420 De haan
8420,De haan,Gemeente,
8420,Wenduine,Deelgemeente,8420 De haan
8421,Vlissegem,Deelgemeente,8420 De haan
8430,Middelkerke,Gemeente,
8431,Wilskerke,Deelgemeente,8430 Middelkerke
8432,Leffinge,Deelgemeente,8430 Middelkerke
8433,Mannekensvere,Deelgemeente,8430 Middelkerke
8433,Schore,Deelgemeente,8430 Middelkerke
8433,Sint-Pieters-Kapelle,Deelgemeente,8430 Middelkerke
8433,Slijpe,Deelgemeente,8430 Middelkerke
8434,Lombardsijde,Deelgemeente,8430 Middelkerke
8434,Westende,Deelgemeente,8430 Middelkerke
8450,Bredene,Gemeente,
8460,Westkerke,Deelgemeente,8460 Oudenburg
8460,Oudenburg,Stad,
8460,Ettelgem,Deelgemeente,8460 Oudenburg
8460,Roksem,Deelgemeente,8460 Oudenburg
8470,Zevekote,Deelgemeente,8470 Gistel
8470,Moere,Deelgemeente,8470 Gistel
8470,Snaaskerke,Deelgemeente,8470 Gistel
8470,Gistel,Stad,
8480,Eernegem,Deelgemeente,8480 Ichtegem
8480,Bekegem,Deelgemeente,8480 Ichtegem
8480,Ichtegem,Gemeente,
8490,Snellegem,Deelgemeente,8490 Jabbeke
8490,Varsenare,Deelgemeente,8490 Jabbeke
8490,Stalhille,Deelgemeente,8490 Jabbeke
8490,Jabbeke,Gemeente,
8490,Zerkegem,Deelgemeente,8490 Jabbeke
8500,Kortrijk,Stad,
8501,Heule,Deelgemeente,8500 Kortrijk
8501,Bissegem,Deelgemeente,8500 Kortrijk
8510,Marke,Deelgemeente,8500 Kortrijk
8510,Bellegem,Deelgemeente,8500 Kortrijk
8510,Kooigem,Deelgemeente,8500 Kortrijk
8510,Rollegem,Deelgemeente,8500 Kortrijk
8511,Aalbeke,Deelgemeente,8500 Kortrijk
8520,Kuurne,Gemeente,
8530,Harelbeke,Stad,
8531,Bavikhove,Deelgemeente,8530 Harelbeke
8531,Hulste,Deelgemeente,8530 Harelbeke
8540,Deerlijk,Gemeente,
8550,Zwevegem,Gemeente,
8551,Heestert,Deelgemeente,8550 Zwevegem
8552,Moen,Deelgemeente,8550 Zwevegem
8553,Otegem,Deelgemeente,8550 Zwevegem
8554,Sint-Denijs,Deelgemeente,8550 Zwevegem
8560,Moorsele,Deelgemeente,8560 Wevelgem
8560,Gullegem,Deelgemeente,8560 Wevelgem
8560,Wevelgem,Gemeente,
8570,Ingooigem,Deelgemeente,8570 Anzegem
8570,Gijzelbrechtegem,Deelgemeente,8570 Anzegem
8570,Vichte,Deelgemeente,8570 Anzegem
8570,Anzegem,Deelgemeente,
8572,Kaster,Deelgemeente,8570 Anzegem
8573,Tiegem,Deelgemeente,8570 Anzegem
8580,Avelgem,Gemeente,
8581,Waarmaarde,Deelgemeente,8580 Avelgem
8581,Kerkhove,Deelgemeente,8580 Avelgem
8582,Outrijve,Deelgemeente,8580 Avelgem
8583,Bossuit,Deelgemeente,8580 Avelgem
8587,Spiere,Deelgemeente,8587 Spiere-Helkijn
8587,Spiere-Helkijn,Gemeente,
8587,Helkijn,Deelgemeente,8587 Spiere-Helkijn
8600,Oudekapelle,Deelgemeente,8600 Diksmuide
8600,Beerst,Deelgemeente,8600 Diksmuide
8600,Leke,Deelgemeente,8600 Diksmuide
8600,Woumen,Deelgemeente,8600 Diksmuide
8600,Nieuwkapelle,Deelgemeente,8600 Diksmuide
8600,Pervijze,Deelgemeente,8600 Diksmuide
8600,Lampernisse,Deelgemeente,8600 Diksmuide
8600,Kaaskerke,Deelgemeente,8600 Diksmuide
8600,Oostkerke,Deelgemeente,8600 Diksmuide
8600,Diksmuide,Stad,
8600,Esen,Deelgemeente,8600 Diksmuide
8600,Vladslo,Deelgemeente,8600 Diksmuide
8600,Stuivekenskerke,Deelgemeente,8600 Diksmuide
8600,Sint-jacobs-kapelle,Deelgemeente,8600 Diksmuide
8600,Driekapellen,,
8600,Keiem,Deelgemeente,8600 Diksmuide
8610,Kortemark,Gemeente,
8610,Handzame,Deelgemeente,8610 Kortemark
8610,Zarren,Deelgemeente,8610 Kortemark
8610,Werken,Deelgemeente,8610 Kortemark
8620,Ramskapelle,Deelgemeente,8620 Nieuwpoort
8620,Nieuwpoort,Stad,
8620,Sint-joris,Deelgemeente,8620 Nieuwpoort
8630,Houtem,Deelgemeente,8630 Veurne
8630,Eggewaartskapelle,Deelgemeente,8630 Veurne
8630,Booitshoeke,Deelgemeente,8630 Veurne
8630,Zoutenaaie,Deelgemeente,8630 Veurne
8630,Veurne,Stad,
8630,Steenkerke,Deelgemeente,8630 Veurne
8630,De Moeren,Deelgemeente,8630 Veurne
8630,Bulskamp,Deelgemeente,8630 Veurne
8630,Avekapelle,Deelgemeente,8630 Veurne
8630,Wulveringem,Deelgemeente,8630 Veurne
8630,Vinkem,Deelgemeente,8630 Veurne
8640,Vleteren,Gemeente,
8640,Westvleteren,Deelgemeente,8640 Vleteren
8640,Woesten,Deelgemeente,8640 Vleteren
8640,Oostvleteren,Deelgemeente,8640 Vleteren
8647,Reninge,Deelgemeente,8647 Lo-Reninge
8647,Lo,Deelgemeente,8647 Lo-Reninge
8647,Noordschote,Deelgemeente,8647 Lo-Reninge
8647,Lo-Reninge,Stad,
8647,Pollinkhove,Deelgemeente,8647 Lo-Reninge
8650,Klerken,Deelgemeente,8650 Houthulst
8650,Merkem,Deelgemeente,8650 Houthulst
8650,Houthulst,Gemeente,
8660,Adinkerke,Deelgemeente,8660 De panne
8660,De panne,Gemeente,
8670,Wulpen,Deelgemeente,8670 Koksijde
8670,Koksijde,Gemeente,
8670,Oostduinkerke,Deelgemeente,8670 Koksijde
8680,Bovekerke,Deelgemeente,8680 Koekelare
8680,Zande,Deelgemeente,8680 Koekelare
8680,Koekelare,Gemeente,
8690,Alveringem,Gemeente,
8690,Hoogstade,Deelgemeente,8690 Alveringem
8690,Sint-Rijkers,Deelgemeente,8690 Alveringem
8690,Oeren,Deelgemeente,8690 Alveringem
8691,Gijverinkhove,Deelgemeente,8690 Alveringem
8691,Leisele,Deelgemeente,8690 Alveringem
8691,Stavele,Deelgemeente,8690 Alveringem
8691,Beveren-aan-de-ijzer,Deelgemeente,8690 Alveringem
8691,Izenberge,Deelgemeente,8690 Alveringem
8700,Aarsele,Deelgemeente,8700 Tielt
8700,Schuiferskapelle,Deelgemeente,8700 Tielt
8700,Kanegem,Deelgemeente,8700 Tielt
8700,Tielt,Stad,
8710,Sint-Baafs-Vijve,Deelgemeente,8710 Wielsbeke
8710,Wielsbeke,Gemeente,
8710,Ooigem,Deelgemeente,8710 Wielsbeke
8720,Markegem,Deelgemeente,8720 Dentergem
8720,Wakken,Deelgemeente,8720 Dentergem
8720,Dentergem,Gemeente,
8720,Oeselgem,Deelgemeente,8720 Dentergem
8730,Oedelem,Deelgemeente,8730 Beernem
8730,Sint-Joris,Deelgemeente,8730 Beernem
8730,Beernem,Gemeente,
8740,Egem,Deelgemeente,8740 Pittem
8740,Pittem,Gemeente,
8750,Zwevezele,Deelgemeente,8750 Wingene
8750,Wingene,Gemeente,
8755,Ruiselede,Gemeente,
8760,Meulebeke,Gemeente,
8770,Ingelmunster,Gemeente,
8780,Oostrozebeke,Gemeente,
8790,Waregem,,
8791,Beveren,Deelgemeente,8790 Waregem
8792,Desselgem,Deelgemeente,8790 Waregem
8793,Sint-Eloois-Vijve,Deelgemeente,8790 Waregem
8800,Rumbeke,Deelgemeente,8800 Roeselare
8800,Beveren,Deelgemeente,8800 Roeselare
8800,Roeselare,Gemeente,
8800,Oekene,Deelgemeente,8800 Roeselare
8810,Lichtervelde,Gemeente,
8820,Torhout,Stad,
8830,Gits,Deelgemeente,8830 Hooglede
8830,Hooglede,Gemeente,
8840,Staden,Gemeente,
8840,Westrozebeke,Deelgemeente,8840 Staden
8840,Oostnieuwkerke,Deelgemeente,8840 Staden
8850,Ardooie,Gemeente,
8851,Koolskamp,Deelgemeente,8850 Ardooie
8860,Lendelede,Gemeente,
8870,Izegem,Stad,
8870,Emelgem,Deelgemeente,8870 Izegem
8870,Kachtem,Deelgemeente,8870 Izegem
8880,Sint-eloois-winkel,Deelgemeente,8880 Ledegem
8880,Ledegem,Gemeente,
8880,Rollegem-kapelle,Deelgemeente,8880 Ledegem
8890,Moorslede,Gemeente,
8890,Dadizele,Deelgemeente,8890 Moorslede
8900,Dikkebus,Deelgemeente,8900 Ieper
8900,Brielen,Deelgemeente,8900 Ieper
8900,Ieper,Stad,
8900,Sint-jan,Deelgemeente,8900 Ieper
8902,Zillebeke,Deelgemeente,8900 Ieper
8902,Hollebeke,Deelgemeente,8900 Ieper
8902,Voormezele,Deelgemeente,8900 Ieper
8904,Boezinge,Deelgemeente,8900 Ieper
8904,Zuidschote,Deelgemeente,8900 Ieper
8906,Elverdinge,Deelgemeente,8900 Ieper
8908,Vlamertinge,Deelgemeente,8900 Ieper
8920,Langemark,Deelgemeente,8920 Langemark-Poelkapelle
8920,Langemark-Poelkapelle,Gemeente,
8920,Poelkapelle,Deelgemeente,8920 Langemark-Poelkapelle
8920,Bikschote,Deelgemeente,8920 Langemark-Poelkapelle
8930,Rekkem,Deelgemeente,8930 Menen
8930,Menen,Stad,
8930,Lauwe,Deelgemeente,8930 Menen
8940,Geluwe,Deelgemeente,8940 Wervik
8940,Wervik,Stad,
8950,Heuvelland,Gemeente,
8950,Nieuwkerke,Deelgemeente,8950 Heuvelland
8951,Dranouter,Deelgemeente,8950 Heuvelland
8952,Wulvergem,Deelgemeente,8950 Heuvelland
8953,Wijtschate,Deelgemeente,8950 Heuvelland
8954,Westouter,Deelgemeente,8950 Heuvelland
8956,Kemmel,Deelgemeente,8950 Heuvelland
8957,Mesen,Gemeente,
8958,Loker,Deelgemeente,8950 Heuvelland
8970,Reningelst,Deelgemeente,8970 Poperinge
8970,Poperinge,Stad,
8972,Proven,Deelgemeente,8970 Poperinge
8972,Krombeke,Deelgemeente,8970 Poperinge
8972,Roesbrugge-haringe,Deelgemeente,8970 Poperinge
8978,Watou,Deelgemeente,8970 Poperinge
8980,Zandvoorde,Deelgemeente,8980 Zonnebeke
8980,Passendale,Deelgemeente,8980 Zonnebeke
8980,Zonnebeke,Gemeente,
8980,Beselare,Deelgemeente,8980 Zonnebeke
8980,Geluveld,Deelgemeente,8980 Zonnebeke